wall_iso,epoch,holder,renewed_at
2026-09-05T04:26:13Z,1788582373,kubewhy-65b8b8f686-ncx4p/1,1788582300.5482614
2026-09-05T04:26:18Z,1788582378,kubewhy-65b8b8f686-ncx4p/1,1788582300.5482614
2026-09-05T04:26:23Z,1788582383,kubewhy-65b8b8f686-ncx4p/1,1788582300.5482614
2026-09-05T04:26:28Z,1788582389,kubewhy-65b8b8f686-ncx4p/1,1788582300.5482614
2026-09-05T04:26:34Z,1788582394,kubewhy-65b8b8f686-ncx4p/1,1788582300.5482614
2026-09-05T04:26:47Z,1788582407,
2026-09-05T04:26:52Z,1788582412,
2026-09-05T04:26:57Z,1788582417,
2026-09-05T04:27:02Z,1788582422,
2026-09-05T04:27:07Z,1788582427,
2026-09-05T04:27:12Z,1788582432,
2026-09-05T04:27:18Z,1788582438,kubewhy-fd687c885-bp4th/1,1788582422.0712168
2026-09-05T04:27:23Z,1788582443,kubewhy-fd687c885-bp4th/1,1788582422.0712168
2026-09-05T04:27:29Z,1788582449,kubewhy-fd687c885-bp4th/1,1788582422.0712168
2026-09-05T04:27:34Z,1788582454,kubewhy-fd687c885-bp4th/1,1788582422.0712168
2026-09-05T04:27:40Z,1788582460,kubewhy-fd687c885-bp4th/1,1788582422.0712168
2026-09-05T04:27:46Z,1788582466,kubewhy-fd687c885-bp4th/1,1788582462.0767086
2026-09-05T04:27:51Z,1788582471,kubewhy-fd687c885-bp4th/1,1788582462.0767086
2026-09-05T04:27:57Z,1788582477,kubewhy-fd687c885-bp4th/1,1788582462.0767086
2026-09-05T04:28:03Z,1788582483,kubewhy-fd687c885-bp4th/1,1788582462.0767086
2026-09-05T04:28:09Z,1788582489,kubewhy-fd687c885-bp4th/1,1788582462.0767086
2026-09-05T04:28:14Z,1788582494,kubewhy-fd687c885-bp4th/1,1788582462.0767086
2026-09-05T04:28:20Z,1788582500,kubewhy-fd687c885-bp4th/1,1788582462.0767086
2026-09-05T04:28:26Z,1788582506,kubewhy-fd687c885-bp4th/1,1788582502.0808883
2026-09-05T04:28:31Z,1788582511,kubewhy-fd687c885-bp4th/1,1788582502.0808883
2026-09-05T04:28:36Z,1788582516,kubewhy-fd687c885-bp4th/1,1788582502.0808883
2026-09-05T04:28:42Z,1788582522,kubewhy-fd687c885-bp4th/1,1788582502.0808883
2026-09-05T04:28:47Z,1788582527,kubewhy-fd687c885-bp4th/1,1788582502.0808883
2026-09-05T04:28:53Z,1788582533,kubewhy-fd687c885-bp4th/1,1788582502.0808883
2026-09-05T04:28:58Z,1788582538,kubewhy-fd687c885-bp4th/1,1788582502.0808883
2026-09-05T04:29:04Z,1788582544,kubewhy-fd687c885-bp4th/1,1788582542.084266
2026-09-05T04:29:09Z,1788582549,kubewhy-fd687c885-bp4th/1,1788582542.084266
2026-09-05T04:29:16Z,1788582556,kubewhy-fd687c885-bp4th/1,1788582542.084266
2026-09-05T04:29:21Z,1788582561,kubewhy-fd687c885-bp4th/1,1788582542.084266
2026-09-05T04:29:27Z,1788582567,kubewhy-fd687c885-bp4th/1,1788582542.084266
2026-09-05T04:29:32Z,1788582572,kubewhy-fd687c885-bp4th/1,1788582542.084266
2026-09-05T04:29:38Z,1788582578,kubewhy-fd687c885-bp4th/1,1788582542.084266
2026-09-05T04:29:43Z,1788582583,kubewhy-fd687c885-bp4th/1,1788582582.0873022
2026-09-05T04:29:48Z,1788582588,kubewhy-fd687c885-bp4th/1,1788582582.0873022
2026-09-05T04:29:54Z,1788582594,kubewhy-fd687c885-bp4th/1,1788582582.0873022
2026-09-05T04:30:10Z,1788582610,kubewhy-fd687c885-bp4th/1,1788582582.0873022
2026-09-05T04:30:17Z,1788582617,kubewhy-fd687c885-bp4th/1,1788582582.0873022
2026-09-05T04:30:23Z,1788582623,kubewhy-fd687c885-bp4th/1,1788582622.09048
2026-09-05T04:30:34Z,1788582634,kubewhy-fd687c885-bp4th/1,1788582622.09048
2026-09-05T04:30:43Z,1788582643,kubewhy-fd687c885-bp4th/1,1788582622.09048
2026-09-05T04:30:49Z,1788582649,kubewhy-fd687c885-bp4th/1,1788582622.09048
2026-09-05T04:30:54Z,1788582654,kubewhy-fd687c885-bp4th/1,1788582622.09048
2026-09-05T04:31:00Z,1788582660,kubewhy-fd687c885-bp4th/1,1788582622.09048
2026-09-05T04:31:05Z,1788582665,kubewhy-fd687c885-bp4th/1,1788582662.0944602
2026-09-05T04:31:10Z,1788582670,kubewhy-fd687c885-bp4th/1,1788582662.0944602
2026-09-05T04:31:17Z,1788582677,kubewhy-fd687c885-bp4th/1,1788582662.0944602
2026-09-05T04:31:24Z,1788582684,kubewhy-fd687c885-bp4th/1,1788582662.0944602
2026-09-05T04:31:29Z,1788582689,kubewhy-fd687c885-bp4th/1,1788582662.0944602
2026-09-05T04:31:35Z,1788582695,kubewhy-fd687c885-bp4th/1,1788582662.0944602
2026-09-05T04:31:41Z,1788582701,kubewhy-fd687c885-bp4th/1,1788582662.0944602
2026-09-05T04:31:46Z,1788582706,kubewhy-fd687c885-bp4th/1,1788582702.0991113
2026-09-05T04:31:52Z,1788582712,kubewhy-fd687c885-bp4th/1,1788582702.0991113
2026-09-05T04:31:58Z,1788582718,kubewhy-fd687c885-bp4th/1,1788582702.0991113
2026-09-05T04:32:03Z,1788582723,kubewhy-fd687c885-bp4th/1,1788582702.0991113
2026-09-05T04:32:09Z,1788582729,kubewhy-fd687c885-bp4th/1,1788582702.0991113
2026-09-05T04:32:14Z,1788582734,kubewhy-fd687c885-bp4th/1,1788582702.0991113
2026-09-05T04:32:19Z,1788582739,kubewhy-fd687c885-bp4th/1,1788582702.0991113
2026-09-05T04:32:26Z,1788582746,kubewhy-fd687c885-bp4th/1,1788582742.1023934
2026-09-05T04:32:31Z,1788582751,kubewhy-fd687c885-bp4th/1,1788582742.1023934
2026-09-05T04:32:37Z,1788582757,kubewhy-fd687c885-bp4th/1,1788582742.1023934
2026-09-05T04:32:42Z,1788582762,kubewhy-fd687c885-bp4th/1,1788582742.1023934
2026-09-05T04:32:48Z,1788582768,kubewhy-fd687c885-bp4th/1,1788582742.1023934
2026-09-05T04:32:53Z,1788582773,kubewhy-fd687c885-bp4th/1,1788582742.1023934
2026-09-05T04:32:59Z,1788582779,kubewhy-fd687c885-bp4th/1,1788582742.1023934
2026-09-05T04:33:04Z,1788582784,kubewhy-fd687c885-bp4th/1,1788582782.1054869
2026-09-05T04:33:09Z,1788582789,kubewhy-fd687c885-bp4th/1,1788582782.1054869
2026-09-05T04:33:15Z,1788582795,kubewhy-fd687c885-bp4th/1,1788582782.1054869
2026-09-05T04:33:21Z,1788582801,kubewhy-fd687c885-bp4th/1,1788582782.1054869
2026-09-05T04:33:26Z,1788582806,kubewhy-fd687c885-bp4th/1,1788582782.1054869
2026-09-05T04:33:32Z,1788582812,kubewhy-fd687c885-bp4th/1,1788582782.1054869
2026-09-05T04:33:37Z,1788582817,kubewhy-fd687c885-bp4th/1,1788582782.1054869
2026-09-05T04:33:43Z,1788582823,kubewhy-fd687c885-bp4th/1,1788582822.1084785
2026-09-05T04:33:48Z,1788582828,kubewhy-fd687c885-bp4th/1,1788582822.1084785
2026-09-05T04:33:54Z,1788582834,kubewhy-fd687c885-bp4th/1,1788582822.1084785
2026-09-05T04:33:59Z,1788582839,kubewhy-fd687c885-bp4th/1,1788582822.1084785
2026-09-05T04:34:05Z,1788582845,kubewhy-fd687c885-bp4th/1,1788582822.1084785
2026-09-05T04:34:10Z,1788582850,kubewhy-fd687c885-bp4th/1,1788582822.1084785
2026-09-05T04:34:15Z,1788582855,kubewhy-fd687c885-bp4th/1,1788582822.1084785
2026-09-05T04:34:21Z,1788582861,kubewhy-fd687c885-bp4th/1,1788582822.1084785
2026-09-05T04:34:30Z,1788582870,kubewhy-fd687c885-bp4th/1,1788582862.1115658
2026-09-05T04:34:35Z,1788582875,kubewhy-fd687c885-bp4th/1,1788582862.1115658
2026-09-05T04:34:41Z,1788582881,kubewhy-fd687c885-bp4th/1,1788582862.1115658
2026-09-05T04:34:46Z,1788582886,kubewhy-fd687c885-bp4th/1,1788582862.1115658
2026-09-05T04:34:52Z,1788582892,kubewhy-fd687c885-bp4th/1,1788582862.1115658
2026-09-05T04:34:57Z,1788582897,kubewhy-fd687c885-bp4th/1,1788582862.1115658
2026-09-05T04:35:03Z,1788582903,kubewhy-fd687c885-bp4th/1,1788582902.114616
2026-09-05T04:35:09Z,1788582909,kubewhy-fd687c885-bp4th/1,1788582902.114616
2026-09-05T04:35:14Z,1788582914,kubewhy-fd687c885-bp4th/1,1788582902.114616
2026-09-05T04:35:23Z,1788582923,kubewhy-fd687c885-bp4th/1,1788582902.114616
2026-09-05T04:35:28Z,1788582928,kubewhy-fd687c885-bp4th/1,1788582902.114616
2026-09-05T04:35:46Z,1788582946,kubewhy-fd687c885-bp4th/1,1788582942.1179545
2026-09-05T04:35:51Z,1788582951,kubewhy-fd687c885-bp4th/1,1788582942.1179545
2026-09-05T04:35:58Z,1788582958,kubewhy-fd687c885-bp4th/1,1788582942.1179545
2026-09-05T04:36:05Z,1788582965,kubewhy-fd687c885-bp4th/1,1788582942.1179545
2026-09-05T04:36:10Z,1788582970,kubewhy-fd687c885-bp4th/1,1788582942.1179545
2026-09-05T04:36:16Z,1788582976,kubewhy-fd687c885-bp4th/1,1788582942.1179545
2026-09-05T04:36:22Z,1788582982,kubewhy-fd687c885-bp4th/1,1788582942.1179545
2026-09-05T04:36:29Z,1788582989,kubewhy-fd687c885-bp4th/1,1788582982.121508
2026-09-05T04:36:35Z,1788582995,kubewhy-fd687c885-bp4th/1,1788582982.121508
2026-09-05T04:36:42Z,1788583002,kubewhy-fd687c885-bp4th/1,1788582982.121508
2026-09-05T04:36:50Z,1788583010,kubewhy-fd687c885-bp4th/1,1788582982.121508
2026-09-05T04:36:56Z,1788583016,kubewhy-fd687c885-bp4th/1,1788582982.121508
2026-09-05T04:37:01Z,1788583021,kubewhy-fd687c885-bp4th/1,1788582982.121508
2026-09-05T04:37:07Z,1788583027,kubewhy-fd687c885-bp4th/1,1788583022.125301
2026-09-05T04:37:12Z,1788583032,kubewhy-fd687c885-bp4th/1,1788583022.125301
2026-09-05T04:37:18Z,1788583038,kubewhy-fd687c885-bp4th/1,1788583022.125301
2026-09-05T04:37:25Z,1788583045,kubewhy-fd687c885-bp4th/1,1788583022.125301
2026-09-05T04:37:31Z,1788583051,kubewhy-fd687c885-bp4th/1,1788583022.125301
2026-09-05T04:37:39Z,1788583059,kubewhy-fd687c885-bp4th/1,1788583022.125301
2026-09-05T04:37:45Z,1788583065,kubewhy-fd687c885-bp4th/1,1788583062.1389806
2026-09-05T04:37:52Z,1788583072,kubewhy-fd687c885-bp4th/1,1788583062.1389806
2026-09-05T04:37:58Z,1788583078,kubewhy-fd687c885-bp4th/1,1788583062.1389806
2026-09-05T04:38:03Z,1788583083,kubewhy-fd687c885-bp4th/1,1788583062.1389806
2026-09-05T04:38:09Z,1788583089,kubewhy-fd687c885-bp4th/1,1788583062.1389806
2026-09-05T04:38:14Z,1788583094,kubewhy-fd687c885-bp4th/1,1788583062.1389806
2026-09-05T04:38:20Z,1788583100,kubewhy-fd687c885-bp4th/1,1788583062.1389806
2026-09-05T04:38:25Z,1788583105,kubewhy-fd687c885-bp4th/1,1788583102.1429987
2026-09-05T04:38:31Z,1788583111,kubewhy-fd687c885-bp4th/1,1788583102.1429987
2026-09-05T04:38:37Z,1788583117,kubewhy-fd687c885-bp4th/1,1788583102.1429987
2026-09-05T04:38:42Z,1788583122,kubewhy-fd687c885-bp4th/1,1788583102.1429987
2026-09-05T04:38:48Z,1788583128,kubewhy-fd687c885-bp4th/1,1788583102.1429987
2026-09-05T04:38:53Z,1788583133,kubewhy-fd687c885-bp4th/1,1788583102.1429987
2026-09-05T04:38:59Z,1788583139,kubewhy-fd687c885-bp4th/1,1788583102.1429987
2026-09-05T04:39:04Z,1788583144,kubewhy-fd687c885-bp4th/1,1788583142.1485386
2026-09-05T04:39:10Z,1788583150,kubewhy-fd687c885-bp4th/1,1788583142.1485386
2026-09-05T04:39:15Z,1788583155,kubewhy-fd687c885-bp4th/1,1788583142.1485386
2026-09-05T04:39:21Z,1788583161,kubewhy-fd687c885-bp4th/1,1788583142.1485386
2026-09-05T04:39:26Z,1788583166,kubewhy-fd687c885-bp4th/1,1788583142.1485386
2026-09-05T04:39:32Z,1788583172,kubewhy-fd687c885-bp4th/1,1788583142.1485386
2026-09-05T04:39:37Z,1788583177,kubewhy-fd687c885-bp4th/1,1788583142.1485386
2026-09-05T04:39:43Z,1788583183,kubewhy-fd687c885-bp4th/1,1788583182.1532633
2026-09-05T04:39:48Z,1788583188,kubewhy-fd687c885-bp4th/1,1788583182.1532633
2026-09-05T04:39:54Z,1788583194,kubewhy-fd687c885-bp4th/1,1788583182.1532633
2026-09-05T04:40:00Z,1788583200,kubewhy-fd687c885-bp4th/1,1788583182.1532633
2026-09-05T04:40:05Z,1788583205,kubewhy-fd687c885-bp4th/1,1788583182.1532633
2026-09-05T04:40:11Z,1788583211,kubewhy-fd687c885-bp4th/1,1788583182.1532633
2026-09-05T04:40:16Z,1788583216,kubewhy-fd687c885-bp4th/1,1788583182.1532633
2026-09-05T04:40:26Z,1788583226,kubewhy-fd687c885-bp4th/1,1788583222.157286
2026-09-05T04:40:31Z,1788583231,kubewhy-fd687c885-bp4th/1,1788583222.157286
2026-09-05T04:40:40Z,1788583240,kubewhy-fd687c885-bp4th/1,1788583222.157286
2026-09-05T04:40:45Z,1788583245,kubewhy-fd687c885-bp4th/1,1788583222.157286
2026-09-05T04:40:51Z,1788583251,kubewhy-fd687c885-bp4th/1,1788583222.157286
2026-09-05T04:40:56Z,1788583256,kubewhy-fd687c885-bp4th/1,1788583222.157286
2026-09-05T04:41:06Z,1788583266,kubewhy-fd687c885-bp4th/1,1788583262.1616657
2026-09-05T04:41:12Z,1788583272,kubewhy-fd687c885-bp4th/1,1788583262.1616657
2026-09-05T04:41:17Z,1788583277,kubewhy-fd687c885-bp4th/1,1788583262.1616657
2026-09-05T04:41:23Z,1788583283,kubewhy-fd687c885-bp4th/1,1788583262.1616657
2026-09-05T04:41:28Z,1788583288,kubewhy-fd687c885-bp4th/1,1788583262.1616657
2026-09-05T04:41:34Z,1788583294,kubewhy-fd687c885-bp4th/1,1788583262.1616657
2026-09-05T04:41:40Z,1788583300,kubewhy-fd687c885-bp4th/1,1788583262.1616657
2026-09-05T04:41:46Z,1788583306,kubewhy-fd687c885-bp4th/1,1788583302.1692865
2026-09-05T04:41:52Z,1788583312,kubewhy-fd687c885-bp4th/1,1788583302.1692865
2026-09-05T04:41:57Z,1788583317,kubewhy-fd687c885-bp4th/1,1788583302.1692865
2026-09-05T04:42:03Z,1788583323,kubewhy-fd687c885-bp4th/1,1788583302.1692865
2026-09-05T04:42:08Z,1788583328,kubewhy-fd687c885-bp4th/1,1788583302.1692865
2026-09-05T04:42:14Z,1788583334,kubewhy-fd687c885-bp4th/1,1788583302.1692865
2026-09-05T04:42:21Z,1788583341,kubewhy-fd687c885-bp4th/1,1788583302.1692865
2026-09-05T04:42:26Z,1788583346,kubewhy-fd687c885-bp4th/1,1788583342.173297
2026-09-05T04:42:32Z,1788583352,kubewhy-fd687c885-bp4th/1,1788583342.173297
2026-09-05T04:42:37Z,1788583357,kubewhy-fd687c885-bp4th/1,1788583342.173297
2026-09-05T04:42:42Z,1788583362,kubewhy-fd687c885-bp4th/1,1788583342.173297
2026-09-05T04:42:48Z,1788583368,kubewhy-fd687c885-bp4th/1,1788583342.173297
2026-09-05T04:42:53Z,1788583373,kubewhy-fd687c885-bp4th/1,1788583342.173297
2026-09-05T04:42:59Z,1788583379,kubewhy-fd687c885-bp4th/1,1788583342.173297
2026-09-05T04:43:04Z,1788583384,kubewhy-fd687c885-bp4th/1,1788583382.1765058
2026-09-05T04:43:10Z,1788583390,kubewhy-fd687c885-bp4th/1,1788583382.1765058
2026-09-05T04:43:15Z,1788583395,kubewhy-fd687c885-bp4th/1,1788583382.1765058
2026-09-05T04:43:21Z,1788583401,kubewhy-fd687c885-bp4th/1,1788583382.1765058
2026-09-05T04:43:27Z,1788583407,kubewhy-fd687c885-bp4th/1,1788583382.1765058
2026-09-05T04:43:32Z,1788583412,kubewhy-fd687c885-bp4th/1,1788583382.1765058
2026-09-05T04:43:38Z,1788583418,kubewhy-fd687c885-bp4th/1,1788583382.1765058
2026-09-05T04:43:44Z,1788583424,kubewhy-fd687c885-bp4th/1,1788583382.1765058
2026-09-05T04:43:49Z,1788583429,kubewhy-fd687c885-bp4th/1,1788583382.1765058
2026-09-05T04:43:56Z,1788583436,kubewhy-fd687c885-bp4th/1,1788583382.1765058
2026-09-05T04:44:01Z,1788583441,kubewhy-fd687c885-bp4th/1,1788583382.1765058
2026-09-05T04:44:07Z,1788583447,kubewhy-fd687c885-bp4th/1,1788583382.1765058
2026-09-05T04:44:13Z,1788583453,kubewhy-fd687c885-bp4th/1,1788583382.1765058
2026-09-05T04:44:21Z,1788583461,kubewhy-fd687c885-bp4th/1,1788583382.1765058
2026-09-05T04:44:28Z,1788583468,kubewhy-fd687c885-bp4th/1,1788583382.1765058
2026-09-05T04:44:33Z,1788583473,kubewhy-fd687c885-bp4th/1,1788583382.1765058
2026-09-05T04:44:39Z,1788583479,kubewhy-fd687c885-bp4th/1,1788583382.1765058
2026-09-05T04:44:45Z,1788583485,kubewhy-fd687c885-bp4th/1,1788583382.1765058
2026-09-05T04:44:51Z,1788583491,kubewhy-fd687c885-bp4th/1,1788583382.1765058
2026-09-05T04:45:01Z,1788583501,kubewhy-fd687c885-bp4th/1,1788583382.1765058
2026-09-05T04:45:06Z,1788583506,kubewhy-fd687c885-bp4th/1,1788583382.1765058
2026-09-05T04:45:19Z,1788583519,kubewhy-fd687c885-9cqw5/1,1788583508.1236193
2026-09-05T04:45:26Z,1788583526,kubewhy-fd687c885-9cqw5/1,1788583508.1236193
2026-09-05T04:45:31Z,1788583531,kubewhy-fd687c885-9cqw5/1,1788583508.1236193
2026-09-05T04:45:37Z,1788583537,kubewhy-fd687c885-9cqw5/1,1788583508.1236193
2026-09-05T04:45:42Z,1788583542,kubewhy-fd687c885-9cqw5/1,1788583508.1236193
2026-09-05T04:45:48Z,1788583548,kubewhy-fd687c885-9cqw5/1,1788583548.1816435
